id;uuid;image_data;image_data_content_type;name_image;extension;type_file;search_field;role;created_date;modified_date;created_by;modified_by;data_size;comment
1;67efeb0b-abd7-4c24-8f93-de66f075557c;../fake-data/blob/hipster.png;image/png;JSON;Krone Lake;Steel;../fake-data/blob/hipster.txt;Synergistic quantify Clothing;2021-01-30T01:15:57;2021-01-30T06:12:08;interface Plastic;Central XSS intangible;39591;Metrics
2;3e9fb566-ce78-4db3-85b4-125986f7d58a;../fake-data/blob/hipster.png;image/png;Ergonomic;24/365 connectin;Handmade;../fake-data/blob/hipster.txt;SMTP silver;2021-01-29T16:44:53;2021-01-30T03:08:39;Mouse e-business feed;Architect Universal magnetic;98323;Cheese gold
3;c65b0319-f6ed-4e19-9080-6b32ec5fe0c1;../fake-data/blob/hipster.png;image/png;port;hòa;strategize;../fake-data/blob/hipster.txt;payment PNG maroon;2021-01-30T08:18:29;2021-01-29T17:12:08;Biển;supply-chains;66088;Berkshire leading-edge
4;4cd1b56e-cfe7-45fa-b7dc-a5e3e92fd039;../fake-data/blob/hipster.png;image/png;Refined cross-platform Cliffs;payment salmon;convergence;../fake-data/blob/hipster.txt;unleash Kazakhstan 24/7;2021-01-30T05:50:34;2021-01-30T10:25:40;Hat;Hat extensible invoice;81937;Avon utilize Alabama
5;1bc81185-8e78-4d1f-b680-4e0b22827008;../fake-data/blob/hipster.png;image/png;concept;copy e-business ;Corporate;../fake-data/blob/hipster.txt;red;2021-01-30T14:24:09;2021-01-30T12:47:36;Sleek Account;RAM Buckinghamshire violet;25303;Som
6;3c522fc5-0a7e-416e-9814-815525a0ff8f;../fake-data/blob/hipster.png;image/png;PCI Steel GB;panel;Washington;../fake-data/blob/hipster.txt;Cambridgeshire;2021-01-29T16:27:24;2021-01-29T20:20:41;withdrawal Beauty Intranet;Wooden;72453;Cuba Brand Administrator
7;d6333880-a469-4cf1-a69d-c40bdfc7264e;../fake-data/blob/hipster.png;image/png;Adaptive;Đan;methodologies SAS Data;../fake-data/blob/hipster.txt;redefine;2021-01-29T22:45:17;2021-01-29T22:51:14;front-end communities transmitting;Union Garden;51612;Handmade
8;032e9738-6812-4f0f-a8b6-f76af1d0dcdd;../fake-data/blob/hipster.png;image/png;Money Nga;Functionality co;e-tailers Integration;../fake-data/blob/hipster.txt;Small;2021-01-30T00:35:23;2021-01-30T07:06:13;Buckinghamshire Fantastic repurpose;Associate Berkshire Awesome;4540;cohesive foreground payment
9;fbb821b6-c215-4763-bcac-cda02f9c0d26;../fake-data/blob/hipster.png;image/png;SSL invoice program;Village Hat over;Operations;../fake-data/blob/hipster.txt;Vanuatu withdrawal;2021-01-29T22:18:40;2021-01-30T15:01:01;Cotton Coordinator overriding;seize neutral instruction;55567;e-services core Concrete
10;a2910855-187a-4eb6-988e-7fa4c656f3fa;../fake-data/blob/hipster.png;image/png;Synergized Meadows;Refined;iterate;../fake-data/blob/hipster.txt;Soft Maryland;2021-01-30T04:33:34;2021-01-29T17:57:05;initiatives;application Electronics;65492;Chief Awesome orchestrate
