id;uuid;status;search_field;role;created_date;modified_date;created_by;modified_by;data_size;comment
1;529856d2-c843-4912-8217-65ce8d3b0675;copy Wooden;../fake-data/blob/hipster.txt;Infrastructure Accountability tan;2021-01-30T08:44:11;2021-01-30T00:06:09;Keyboard;framework;248;Swedish Berkshire
2;e4a1bc63-7b10-44c8-b767-5fe8ad448e30;back-end Interactions;../fake-data/blob/hipster.txt;Usability indigo;2021-01-29T22:07:30;2021-01-30T11:02:11;whiteboard feed exploit;Music open-source;58030;SDD capacitor
3;d808abd8-a759-4408-ba2d-80a9fda4cb0f;optical Regional Bedfordshire;../fake-data/blob/hipster.txt;supply-chains;2021-01-29T21:16:26;2021-01-30T09:17:59;Shoes;Chair Brunei Buckinghamshire;53784;feed methodology silver
4;a2169daf-f6d8-4b3b-9465-ec2e151b3ceb;Metical;../fake-data/blob/hipster.txt;Handcrafted;2021-01-30T13:10:42;2021-01-30T11:56:13;Response Implemented;deposit Engineer;21572;Orchestrator Bangladesh Technician
5;02c7133e-83a2-4dc9-b78e-78ad04873549;Soft Concrete circuit;../fake-data/blob/hipster.txt;Gloves Polarised client-driven;2021-01-30T02:27:29;2021-01-29T20:37:27;redundant Dollar;Rue Developer Open-source;33606;Multi-lateral silver
6;55487ac0-4456-450a-8860-5d697f9895e3;Islands Assimilated rich;../fake-data/blob/hipster.txt;mobile mobile;2021-01-29T20:36:53;2021-01-30T04:57:13;Lead Kids Gorgeous;pixel Future;95916;Granite solution-oriented Producer
7;15fefd9a-09d9-4084-8019-89c24d429871;hacking;../fake-data/blob/hipster.txt;payment bandwidth XSS;2021-01-29T18:10:08;2021-01-30T06:33:10;open-source Forward Internal;Shirt;70910;Assistant
8;c4ecc20c-5087-4c14-a824-9d8f675df082;Persevering;../fake-data/blob/hipster.txt;Towels override;2021-01-30T11:19:43;2021-01-30T04:53:28;capacity;pink Knoll hacking;23165;clicks-and-mortar
9;a98d939b-9022-4b0c-8fad-f4da03f7d392;Borders;../fake-data/blob/hipster.txt;multi-byte;2021-01-30T11:30:32;2021-01-30T08:24:42;Strategist Facilitator Distributed;Account Producer;4604;Handcrafted Applications implement
10;260a814b-893f-4ae8-8061-b9df639f891e;Enterprise-wide;../fake-data/blob/hipster.txt;protocol;2021-01-30T02:35:39;2021-01-30T06:07:10;Intelligent Idaho;Incredible transmitter grow;2230;portals Research
