id;uuid;public_id;content;created_date;modified_date;created_by;modified_by;data_size;comment
1;ff85ee40-780a-4980-b61c-172efba6883b;"Abfv87730";Orchard;2021-01-30T11:10:20;2021-01-30T01:11:23;Tactics Rupiah deposit;Bedfordshire Divide;73359;eyeballs Hryvnia parsing
2;47549091-e074-44b4-a0cc-794a1d6d41c8;"Sokml2674";Account Consultant firewall;2021-01-30T12:31:28;2021-01-29T20:04:37;Multi-lateral;navigating;24876;Delaware feed indigo
3;c36faad5-d3fd-48d4-8f01-3be522698a33;"ZB97";Director granular;2021-01-30T05:58:13;2021-01-30T02:06:37;Village up;Frozen;71742;Account
4;2213af62-6ae4-4afd-9b0f-402871aca32a;"fxHmP54740";groupware deposit;2021-01-30T07:40:31;2021-01-30T14:47:17;Sleek;Coordinator San;540;blockchains Movies Tools
5;77cb20bc-a933-49d5-a250-efb6d09d37f4;"xfIRn0871";Adaptive Account Representative;2021-01-29T20:57:17;2021-01-30T08:38:25;Concrete Generic extend;Electronics;55090;Future
6;fcbbd944-a69c-4f36-a274-ac82758d6a19;"uBs125";maximize;2021-01-30T11:30:35;2021-01-29T22:18:40;didactic Focused pink;PCI programming;55352;encompassing Eritrea
7;7d39c4a8-ded0-4f08-ad93-2cedb98f8fea;"]_825625";ROI array;2021-01-30T03:52:55;2021-01-30T04:47:08;orchid;Awesome synthesize bypassing;78388;Branding
8;92561b9e-e167-4f72-920c-188bdc084688;"ji]48";Clothing concept;2021-01-30T09:27:15;2021-01-29T22:44:16;monitor;Guilder;91680;Quality array Pound
9;470dddae-ade9-400d-8f90-5111c0a7954c;"C]gLN1";fuchsia;2021-01-29T17:20:59;2021-01-29T17:21:54;Wisconsin disintermediate;Industrial;80042;Assistant
10;decbce8e-ac48-4de4-8888-d7d01f8f288a;"_qFC13920";interface;2021-01-30T09:09:20;2021-01-29T16:26:25;Cross-group Digitized Latvia;UAE port;41025;orange deposit
