id;uuid;type_name;created_date;modified_date;created_by;modified_by
1;9d2e5759-67d2-4a00-8c17-17fac53e5a98;Sol models client-driven;2021-01-30T16:11:29;2021-01-30T03:35:14;Brook attitude-oriented payment;Hat Cotton Engineer
2;a00ea43c-f0ce-4db9-a2a9-9769d81d9d9a;Rubber deposit Account;2021-01-30T02:10:28;2021-01-30T08:58:57;Avon transmitter;olive Jewelery
3;94e1dec4-c506-4eb7-9c15-8b3da2dd3168;Canada;2021-01-30T14:52:22;2021-01-30T05:23:25;Plastic Handcrafted;Executive unleash
4;23d5a4ea-73a0-4590-a226-907a3d4afd5e;bypassing Bike olive;2021-01-30T10:01:25;2021-01-30T14:19:33;Awesome;Connecticut
5;040f18a0-4648-4e12-bebb-5be3b233691e;Specialist Facilitator;2021-01-29T20:49:34;2021-01-30T16:03:24;Buckinghamshire;Account
6;d84745fb-dd46-4e21-b40e-2678e6fc9845;Street Applications;2021-01-30T11:55:03;2021-01-29T21:06:13;user bus New;Heights best-of-breed
7;b2a77748-6acc-4cc9-ae55-b692ee069b76;e-markets online Qatar;2021-01-30T10:11:15;2021-01-29T19:35:17;hacking 24/365;Frozen attitude
8;9ad3872d-5be5-47d5-9d16-b1a25491f0c3;quantifying;2021-01-30T11:17:37;2021-01-30T14:33:27;withdrawal;applications COM
9;c6377c0e-edcd-4789-a7ef-3116abb274b6;copy Account morph;2021-01-30T12:43:20;2021-01-30T01:51:39;Orchestrator orchestrate synthesizing;Cliff Kids real-time
10;8f313035-1ff9-4d43-9b54-90b7a198acf9;Account needs-based;2021-01-30T09:22:11;2021-01-30T15:20:36;Frozen program multi-byte;withdrawal Technician
